{
  "accounts": [
    {
      "name": "",
      "email": "",
      "balance": 0,
      "password": "",
      "transactions": []
    },
    {
      "name": "a",
      "email": "a",
      "password": "a",
      "transactions": [
        "Withdrawn amount 5 $. Balance => 10 $ at Wed Oct 21 2020 23:43:00 GMT-0700 (Mountain Standard Time)",
        "Withdrawn amount 5 $. Balance => 5 $ at Wed Oct 21 2020 23:43:22 GMT-0700 (Mountain Standard Time)",
        "Withdrawn amount 5 $. Balance => 0 $ at Wed Oct 21 2020 23:43:25 GMT-0700 (Mountain Standard Time)"
      ],
      "balance": 0
    }
  ]
}